{
    "name": "root",
    "gauges": {
        "RTSAgent.Policy.Entropy.mean": {
            "value": 0.7953550815582275,
            "min": 0.6771288514137268,
            "max": 0.9180668592453003,
            "count": 22
        },
        "RTSAgent.Policy.Entropy.sum": {
            "value": 318.14202880859375,
            "min": 35.69810104370117,
            "max": 676.1446533203125,
            "count": 22
        },
        "RTSAgent.IsTraining.mean": {
            "value": 1.0,
            "min": 1.0,
            "max": 1.0,
            "count": 22
        },
        "RTSAgent.IsTraining.sum": {
            "value": 1.0,
            "min": 1.0,
            "max": 1.0,
            "count": 22
        },
        "RTSAgent.Step.mean": {
            "value": 93305.0,
            "min": 85482.0,
            "max": 93305.0,
            "count": 21
        },
        "RTSAgent.Step.sum": {
            "value": 93305.0,
            "min": 85482.0,
            "max": 93305.0,
            "count": 21
        },
        "RTSAgent.Policy.ExtrinsicValueEstimate.mean": {
            "value": 0.2340526133775711,
            "min": -0.8899630904197693,
            "max": 0.2340526133775711,
            "count": 21
        },
        "RTSAgent.Policy.ExtrinsicValueEstimate.sum": {
            "value": 0.2340526133775711,
            "min": -1.6721097230911255,
            "max": 0.2340526133775711,
            "count": 21
        },
        "RTSAgent.Environment.EpisodeLength.mean": {
            "value": 734.0,
            "min": 340.0,
            "max": 761.0,
            "count": 15
        },
        "RTSAgent.Environment.EpisodeLength.sum": {
            "value": 734.0,
            "min": 340.0,
            "max": 835.0,
            "count": 15
        },
        "RTSAgent.Score.mean": {
            "value": 173.0,
            "min": 168.0,
            "max": 199.0,
            "count": 15
        },
        "RTSAgent.Score.sum": {
            "value": 173.0,
            "min": 168.0,
            "max": 378.0,
            "count": 15
        },
        "RTSAgent.Environment.CumulativeReward.mean": {
            "value": 9.883333683013916,
            "min": -11.300000667572021,
            "max": 15.633333206176758,
            "count": 16
        },
        "RTSAgent.Environment.CumulativeReward.sum": {
            "value": 9.883333683013916,
            "min": -11.300000667572021,
            "max": 15.633333206176758,
            "count": 16
        },
        "RTSAgent.Policy.ExtrinsicReward.mean": {
            "value": 9.883333683013916,
            "min": -11.300000667572021,
            "max": 15.633333206176758,
            "count": 16
        },
        "RTSAgent.Policy.ExtrinsicReward.sum": {
            "value": 9.883333683013916,
            "min": -11.300000667572021,
            "max": 15.633333206176758,
            "count": 16
        },
        "RTSAgent.Losses.PolicyLoss.mean": {
            "value": 0.09964245878385775,
            "min": 0.09204409082921652,
            "max": 0.09964245878385775,
            "count": 2
        },
        "RTSAgent.Losses.PolicyLoss.sum": {
            "value": 0.09964245878385775,
            "min": 0.09204409082921652,
            "max": 0.09964245878385775,
            "count": 2
        },
        "RTSAgent.Losses.ValueLoss.mean": {
            "value": 0.3424522793202689,
            "min": 0.3107763794064522,
            "max": 0.3424522793202689,
            "count": 2
        },
        "RTSAgent.Losses.ValueLoss.sum": {
            "value": 0.3424522793202689,
            "min": 0.3107763794064522,
            "max": 0.3424522793202689,
            "count": 2
        },
        "RTSAgent.Policy.LearningRate.mean": {
            "value": 9.028073888593751e-05,
            "min": 9.028073888593751e-05,
            "max": 9.07249051084375e-05,
            "count": 2
        },
        "RTSAgent.Policy.LearningRate.sum": {
            "value": 9.028073888593751e-05,
            "min": 9.028073888593751e-05,
            "max": 9.07249051084375e-05,
            "count": 2
        },
        "RTSAgent.Policy.Epsilon.mean": {
            "value": 0.19028072916666663,
            "min": 0.19028072916666663,
            "max": 0.1907248958333334,
            "count": 2
        },
        "RTSAgent.Policy.Epsilon.sum": {
            "value": 0.19028072916666663,
            "min": 0.19028072916666663,
            "max": 0.1907248958333334,
            "count": 2
        },
        "RTSAgent.Policy.Beta.mean": {
            "value": 0.00902904484375,
            "min": 0.00902904484375,
            "max": 0.009073417093749998,
            "count": 2
        },
        "RTSAgent.Policy.Beta.sum": {
            "value": 0.00902904484375,
            "min": 0.00902904484375,
            "max": 0.009073417093749998,
            "count": 2
        }
    },
    "metadata": {
        "timer_format_version": "0.1.0",
        "start_time_seconds": "1741435156",
        "python_version": "3.10.12 (main, Jul  5 2023, 18:54:27) [GCC 11.2.0]",
        "command_line_arguments": "/home/joshua/Documents/github/Dissertation/venv/bin/mlagents-learn Ml-Agents/RTSAgent.yaml --run-id=RTSAgent_v2 --resume",
        "mlagents_version": "1.1.0",
        "mlagents_envs_version": "1.1.0",
        "communication_protocol_version": "1.5.0",
        "pytorch_version": "2.6.0+cu124",
        "numpy_version": "1.23.5",
        "end_time_seconds": "1741435547"
    },
    "total": 391.01050049700007,
    "count": 1,
    "self": 0.002987223999298294,
    "children": {
        "run_training.setup": {
            "total": 0.0121736190003503,
            "count": 1,
            "self": 0.0121736190003503
        },
        "TrainerController.start_learning": {
            "total": 390.9953396540004,
            "count": 1,
            "self": 0.07874701494711189,
            "children": {
                "TrainerController._reset_env": {
                    "total": 5.940042232999986,
                    "count": 1,
                    "self": 5.940042232999986
                },
                "TrainerController.advance": {
                    "total": 384.86079286805307,
                    "count": 9403,
                    "self": 0.07665773703956802,
                    "children": {
                        "env_step": {
                            "total": 375.7006413379895,
                            "count": 9403,
                            "self": 356.38289975792486,
                            "children": {
                                "SubprocessEnvManager._take_step": {
                                    "total": 19.264483922048385,
                                    "count": 9403,
                                    "self": 0.23306310003954422,
                                    "children": {
                                        "TorchPolicy.evaluate": {
                                            "total": 19.03142082200884,
                                            "count": 9386,
                                            "self": 19.03142082200884
                                        }
                                    }
                                },
                                "workers": {
                                    "total": 0.05325765801626403,
                                    "count": 9402,
                                    "self": 0.0,
                                    "children": {
                                        "worker_root": {
                                            "total": 390.75867907303837,
                                            "count": 9402,
                                            "is_parallel": true,
                                            "self": 38.21696804394287,