{
    "name": "root",
    "gauges": {
        "RTSAgent.Policy.Entropy.mean": {
            "value": 0.6565182209014893,
            "min": 0.5949851870536804,
            "max": 0.8007306456565857,
            "count": 106
        },
        "RTSAgent.Policy.Entropy.sum": {
            "value": 261.29425048828125,
            "min": 39.22464370727539,
            "max": 531.830810546875,
            "count": 106
        },
        "RTSAgent.IsTraining.mean": {
            "value": 1.0,
            "min": 1.0,
            "max": 1.0,
            "count": 106
        },
        "RTSAgent.IsTraining.sum": {
            "value": 1.0,
            "min": 1.0,
            "max": 1.0,
            "count": 106
        },
        "RTSAgent.Step.mean": {
            "value": 161979.0,
            "min": 120069.0,
            "max": 161979.0,
            "count": 105
        },
        "RTSAgent.Step.sum": {
            "value": 161979.0,
            "min": 120069.0,
            "max": 161979.0,
            "count": 105
        },
        "RTSAgent.Policy.ExtrinsicValueEstimate.mean": {
            "value": 3.0865767002105713,
            "min": 1.5261880159378052,
            "max": 7.296146392822266,
            "count": 105
        },
        "RTSAgent.Policy.ExtrinsicValueEstimate.sum": {
            "value": 6.173153400421143,
            "min": 1.5261880159378052,
            "max": 15.26095962524414,
            "count": 105
        },
        "RTSAgent.Environment.EpisodeLength.mean": {
            "value": 398.0,
            "min": 82.0,
            "max": 614.0,
            "count": 77
        },
        "RTSAgent.Environment.EpisodeLength.sum": {
            "value": 796.0,
            "min": 82.0,
            "max": 1071.0,
            "count": 77
        },
        "RTSAgent.Score.mean": {
            "value": 178.5,
            "min": 30.0,
            "max": 223.0,
            "count": 77
        },
        "RTSAgent.Score.sum": {
            "value": 357.0,
            "min": 30.0,
            "max": 578.0,
            "count": 77
        },
        "RTSAgent.Environment.CumulativeReward.mean": {
            "value": 22.500001192092896,
            "min": 2.433333158493042,
            "max": 30.400001525878906,
            "count": 94
        },
        "RTSAgent.Environment.CumulativeReward.sum": {
            "value": 22.500001192092896,
            "min": 2.433333158493042,
            "max": 45.53333234786987,
            "count": 94
        },
        "RTSAgent.Policy.ExtrinsicReward.mean": {
            "value": 22.500001192092896,
            "min": 2.433333158493042,
            "max": 30.400001525878906,
            "count": 94
        },
        "RTSAgent.Policy.ExtrinsicReward.sum": {
            "value": 22.500001192092896,
            "min": 2.433333158493042,
            "max": 45.53333234786987,
            "count": 94
        },
        "RTSAgent.Losses.PolicyLoss.mean": {
            "value": 0.10182589183942499,
            "min": 0.09130748627123549,
            "max": 0.10182589183942499,
            "count": 9
        },
        "RTSAgent.Losses.PolicyLoss.sum": {
            "value": 0.10182589183942499,
            "min": 0.09130748627123549,
            "max": 0.10182589183942499,
            "count": 9
        },
        "RTSAgent.Losses.ValueLoss.mean": {
            "value": 0.4301924957922011,
            "min": 0.3660875392749029,
            "max": 0.6013833256833481,
            "count": 9
        },
        "RTSAgent.Losses.ValueLoss.sum": {
            "value": 0.4301924957922011,
            "min": 0.3660875392749029,
            "max": 0.6013833256833481,
            "count": 9
        },
        "RTSAgent.Policy.LearningRate.mean": {
            "value": 0.00011228504385750002,
            "min": 0.00011228504385750002,
            "max": 0.00013112281221638894,
            "count": 9
        },
        "RTSAgent.Policy.LearningRate.sum": {
            "value": 0.00011228504385750002,
            "min": 0.00011228504385750002,
            "max": 0.00013112281221638894,
            "count": 9
        },
        "RTSAgent.Policy.Epsilon.mean": {
            "value": 0.15614250000000005,
            "min": 0.15614250000000005,
            "max": 0.1655613888888889,
            "count": 9
        },
        "RTSAgent.Policy.Epsilon.sum": {
            "value": 0.15614250000000005,
            "min": 0.15614250000000005,
            "max": 0.1655613888888889,
            "count": 9
        },
        "RTSAgent.Policy.Beta.mean": {
            "value": 0.0056186357500000025,
            "min": 0.0056186357500000025,
            "max": 0.006559582750000002,
            "count": 9
        },
        "RTSAgent.Policy.Beta.sum": {
            "value": 0.0056186357500000025,
            "min": 0.0056186357500000025,
            "max": 0.006559582750000002,
            "count": 9
        }
    },
    "metadata": {
        "timer_format_version": "0.1.0",
        "start_time_seconds": "1741456070",
        "python_version": "3.10.12 (main, Jul  5 2023, 18:54:27) [GCC 11.2.0]",
        "command_line_arguments": "/home/joshua/Documents/github/Dissertation/venv/bin/mlagents-learn Ml-Agents/RTSAgent.yaml --run-id=RTSAgent_Final --resume",
        "mlagents_version": "1.1.0",
        "mlagents_envs_version": "1.1.0",
        "communication_protocol_version": "1.5.0",
        "pytorch_version": "2.6.0+cu124",
        "numpy_version": "1.23.5",
        "end_time_seconds": "1741456993"
    },
    "total": 923.1526796449998,
    "count": 1,
    "self": 10.003125770000224,
    "children": {
        "run_training.setup": {
            "total": 0.012747230000059062,
            "count": 1,
            "self": 0.012747230000059062
        },
        "TrainerController.start_learning": {
            "total": 913.1368066449995,
            "count": 1,
            "self": 0.3342666850439855,
            "children": {
                "TrainerController._reset_env": {
                    "total": 6.011542084000212,
                    "count": 1,
                    "self": 6.011542084000212
                },
                "TrainerController.advance": {
                    "total": 906.6955269579557,
                    "count": 43092,
                    "self": 0.35296009498415515,
                    "children": {
                        "env_step": {
                            "total": 862.4999453140517,
                            "count": 43092,
                            "self": 778.3537935969443,
                            "children": {
                                "SubprocessEnvManager._take_step": {
                                    "total": 83.91816551012835,
                                    "count": 43092,
                                    "self": 1.0350390401617915,
                                    "children": {
                                        "TorchPolicy.evaluate": {
                                            "total": 82.88312646996656,
                                            "count": 42986,
                                            "self": 82.88312646996656
                                        }
                                    }
                                },
                                "workers": {
                                    "total": 0.2279862069790397,
                                    "count": 43091,
                                    "self": 0.0,
                                    "children": {
                                        "worker_root": {
                                            "total": 910.9697109411472,
                                            "count": 43091,
                                            "is_parallel": true,
                                            "self": 150.33611765316618,