{
    "name": "root",
    "gauges": {
        "RTSAgent.Policy.Entropy.mean": {
            "value": 0.8137481808662415,
            "min": 0.4414713382720947,
            "max": 0.9231150150299072,
            "count": 185
        },
        "RTSAgent.Policy.Entropy.sum": {
            "value": 325.499267578125,
            "min": 19.667041778564453,
            "max": 622.47802734375,
            "count": 185
        },
        "RTSAgent.IsTraining.mean": {
            "value": 1.0,
            "min": 1.0,
            "max": 1.0,
            "count": 185
        },
        "RTSAgent.IsTraining.sum": {
            "value": 1.0,
            "min": 1.0,
            "max": 1.0,
            "count": 185
        },
        "RTSAgent.Step.mean": {
            "value": 133200.0,
            "min": 60394.0,
            "max": 133200.0,
            "count": 184
        },
        "RTSAgent.Step.sum": {
            "value": 133200.0,
            "min": 60394.0,
            "max": 133200.0,
            "count": 184
        },
        "RTSAgent.Policy.ExtrinsicValueEstimate.mean": {
            "value": 1.5243831872940063,
            "min": 0.4601954519748688,
            "max": 2.4755208492279053,
            "count": 184
        },
        "RTSAgent.Policy.ExtrinsicValueEstimate.sum": {
            "value": 1.5243831872940063,
            "min": 0.4601954519748688,
            "max": 4.10383415222168,
            "count": 184
        },
        "RTSAgent.Environment.EpisodeLength.mean": {
            "value": 373.0,
            "min": 331.0,
            "max": 1205.0,
            "count": 126
        },
        "RTSAgent.Environment.EpisodeLength.sum": {
            "value": 373.0,
            "min": 331.0,
            "max": 1205.0,
            "count": 126
        },
        "RTSAgent.Score.mean": {
            "value": 215.0,
            "min": 156.0,
            "max": 225.0,
            "count": 126
        },
        "RTSAgent.Score.sum": {
            "value": 215.0,
            "min": 156.0,
            "max": 545.0,
            "count": 126
        },
        "RTSAgent.Environment.CumulativeReward.mean": {
            "value": 14.050000190734863,
            "min": -53.35000562667847,
            "max": 16.200000762939453,
            "count": 139
        },
        "RTSAgent.Environment.CumulativeReward.sum": {
            "value": 14.050000190734863,
            "min": -53.35000562667847,
            "max": 21.450000286102295,
            "count": 139
        },
        "RTSAgent.Policy.ExtrinsicReward.mean": {
            "value": 14.050000190734863,
            "min": -53.35000562667847,
            "max": 16.200000762939453,
            "count": 139
        },
        "RTSAgent.Policy.ExtrinsicReward.sum": {
            "value": 14.050000190734863,
            "min": -53.35000562667847,
            "max": 21.450000286102295,
            "count": 139
        },
        "RTSAgent.Losses.PolicyLoss.mean": {
            "value": 0.11109595069927829,
            "min": 0.0857060492304819,
            "max": 0.11577038879634119,
            "count": 32
        },
        "RTSAgent.Losses.PolicyLoss.sum": {
            "value": 0.11109595069927829,
            "min": 0.0857060492304819,
            "max": 0.11577038879634119,
            "count": 32
        },
        "RTSAgent.Losses.ValueLoss.mean": {
            "value": 0.7088890525556746,
            "min": 0.13659615595551097,
            "max": 0.7209478759517273,
            "count": 32
        },
        "RTSAgent.Losses.ValueLoss.sum": {
            "value": 0.7088890525556746,
            "min": 0.13659615595551097,
            "max": 0.7209478759517273,
            "count": 32
        },
        "RTSAgent.Policy.LearningRate.mean": {
            "value": 0.00025896438867854165,
            "min": 0.00025896438867854165,
            "max": 0.00028057375647541665,
            "count": 32
        },
        "RTSAgent.Policy.LearningRate.sum": {
            "value": 0.00025896438867854165,
            "min": 0.00025896438867854165,
            "max": 0.00028057375647541665,
            "count": 32
        },
        "RTSAgent.Policy.Epsilon.mean": {
            "value": 0.18632145833333338,
            "min": 0.18632145833333338,
            "max": 0.19352458333333325,
            "count": 32
        },
        "RTSAgent.Policy.Epsilon.sum": {
            "value": 0.18632145833333338,
            "min": 0.18632145833333338,
            "max": 0.19352458333333325,
            "count": 32
        },
        "RTSAgent.Policy.Beta.mean": {
            "value": 0.0043174407708333334,
            "min": 0.0043174407708333334,
            "max": 0.004676876708333335,
            "count": 32
        },
        "RTSAgent.Policy.Beta.sum": {
            "value": 0.0043174407708333334,
            "min": 0.0043174407708333334,
            "max": 0.004676876708333335,
            "count": 32
        }
    },
    "metadata": {
        "timer_format_version": "0.1.0",
        "start_time_seconds": "1741358676",
        "python_version": "3.10.12 (main, Jul  5 2023, 18:54:27) [GCC 11.2.0]",
        "command_line_arguments": "/home/joshua/Documents/github/Dissertation/venv/bin/mlagents-learn Ml-Agents/RTSAgent.yaml --run-id=RTSAgent --resume",
        "mlagents_version": "1.1.0",
        "mlagents_envs_version": "1.1.0",
        "communication_protocol_version": "1.5.0",
        "pytorch_version": "2.6.0+cu124",
        "numpy_version": "1.23.5",
        "end_time_seconds": "1741361800"
    },
    "total": 3124.3805127609994,
    "count": 1,
    "self": 0.002874040001188405,
    "children": {
        "run_training.setup": {
            "total": 0.013981093998154392,
            "count": 1,
            "self": 0.013981093998154392
        },
        "TrainerController.start_learning": {
            "total": 3124.363657627,
            "count": 1,
            "self": 0.6453592235884571,
            "children": {
                "TrainerController._reset_env": {
                    "total": 5.551647525997396,
                    "count": 1,
                    "self": 5.551647525997396
                },
                "TrainerController.advance": {
                    "total": 3118.073138880416,
                    "count": 74169,
                    "self": 0.6413615918245341,
                    "children": {
                        "env_step": {
                            "total": 3067.780464137417,
                            "count": 74169,
                            "self": 2916.406990280382,
                            "children": {
                                "SubprocessEnvManager._take_step": {
                                    "total": 150.93210871713745,
                                    "count": 74169,
                                    "self": 1.8591217650391627,
                                    "children": {
                                        "TorchPolicy.evaluate": {
                                            "total": 149.0729869520983,
                                            "count": 74028,
                                            "self": 149.0729869520983
                                        }
                                    }
                                },
                                "workers": {
                                    "total": 0.44136513989724335,
                                    "count": 74168,
                                    "self": 0.0,
                                    "children": {
                                        "worker_root": {
                                            "total": 3122.8902505249316,
                                            "count": 74168,
                                            "is_parallel": true,
                                            "self": 236.49739796926588,