{
    "name": "root",
    "gauges": {
        "RTSAgent.Policy.Entropy.mean": {
            "value": 0.6870291829109192,
            "min": 0.6870291829109192,
            "max": 1.0986047983169556,
            "count": 211
        },
        "RTSAgent.Policy.Entropy.sum": {
            "value": 164.19998168945312,
            "min": 30.705293655395508,
            "max": 818.556884765625,
            "count": 211
        },
        "RTSAgent.Environment.EpisodeLength.mean": {
            "value": 638.0,
            "min": 302.0,
            "max": 1158.0,
            "count": 145
        },
        "RTSAgent.Environment.EpisodeLength.sum": {
            "value": 638.0,
            "min": 302.0,
            "max": 1158.0,
            "count": 145
        },
        "RTSAgent.Score.mean": {
            "value": 176.0,
            "min": 0.0,
            "max": 231.0,
            "count": 145
        },
        "RTSAgent.Score.sum": {
            "value": 176.0,
            "min": 0.0,
            "max": 231.0,
            "count": 145
        },
        "RTSAgent.Step.mean": {
            "value": 84380.0,
            "min": 356.0,
            "max": 84380.0,
            "count": 211
        },
        "RTSAgent.Step.sum": {
            "value": 84380.0,
            "min": 356.0,
            "max": 84380.0,
            "count": 211
        },
        "RTSAgent.Policy.ExtrinsicValueEstimate.mean": {
            "value": 1.8700414896011353,
            "min": -13.850784301757812,
            "max": 1.8700414896011353,
            "count": 211
        },
        "RTSAgent.Policy.ExtrinsicValueEstimate.sum": {
            "value": 1.8700414896011353,
            "min": -18.890201568603516,
            "max": 3.2641119956970215,
            "count": 211
        },
        "RTSAgent.Environment.CumulativeReward.mean": {
            "value": 13.966667175292969,
            "min": -215.64999389648438,
            "max": 25.633333206176758,
            "count": 147
        },
        "RTSAgent.Environment.CumulativeReward.sum": {
            "value": 13.966667175292969,
            "min": -215.64999389648438,
            "max": 25.633333206176758,
            "count": 147
        },
        "RTSAgent.Policy.ExtrinsicReward.mean": {
            "value": 13.966667175292969,
            "min": -215.64999389648438,
            "max": 25.633333206176758,
            "count": 147
        },
        "RTSAgent.Policy.ExtrinsicReward.sum": {
            "value": 13.966667175292969,
            "min": -215.64999389648438,
            "max": 25.633333206176758,
            "count": 147
        },
        "RTSAgent.IsTraining.mean": {
            "value": 1.0,
            "min": 1.0,
            "max": 1.0,
            "count": 211
        },
        "RTSAgent.IsTraining.sum": {
            "value": 1.0,
            "min": 1.0,
            "max": 1.0,
            "count": 211
        },
        "RTSAgent.Losses.PolicyLoss.mean": {
            "value": 0.10529853704170539,
            "min": 0.09317275630874616,
            "max": 0.10738232851762211,
            "count": 19
        },
        "RTSAgent.Losses.PolicyLoss.sum": {
            "value": 0.10529853704170539,
            "min": 0.09317275630874616,
            "max": 0.10738232851762211,
            "count": 19
        },
        "RTSAgent.Losses.ValueLoss.mean": {
            "value": 0.33867828369140623,
            "min": 0.2768030396562356,
            "max": 12.803649537903922,
            "count": 19
        },
        "RTSAgent.Losses.ValueLoss.sum": {
            "value": 0.33867828369140623,
            "min": 0.2768030396562356,
            "max": 12.803649537903922,
            "count": 19
        },
        "RTSAgent.Policy.LearningRate.mean": {
            "value": 0.0002744184460271875,
            "min": 0.0002744184460271875,
            "max": 0.0002985965629678125,
            "count": 19
        },
        "RTSAgent.Policy.LearningRate.sum": {
            "value": 0.0002744184460271875,
            "min": 0.0002744184460271875,
            "max": 0.0002985965629678125,
            "count": 19
        },
        "RTSAgent.Policy.Epsilon.mean": {
            "value": 0.1914728125,
            "min": 0.1914728125,
            "max": 0.19953218750000004,
            "count": 19
        },
        "RTSAgent.Policy.Epsilon.sum": {
            "value": 0.1914728125,
            "min": 0.1914728125,
            "max": 0.19953218750000004,
            "count": 19
        },
        "RTSAgent.Policy.Beta.mean": {
            "value": 0.00914813396875,
            "min": 0.00914813396875,
            "max": 0.009953265531250002,
            "count": 19
        },
        "RTSAgent.Policy.Beta.sum": {
            "value": 0.00914813396875,
            "min": 0.00914813396875,
            "max": 0.009953265531250002,
            "count": 19
        }
    },
    "metadata": {
        "timer_format_version": "0.1.0",
        "start_time_seconds": "1741436170",
        "python_version": "3.10.12 (main, Jul  5 2023, 18:54:27) [GCC 11.2.0]",
        "command_line_arguments": "/home/joshua/Documents/github/Dissertation/venv/bin/mlagents-learn Ml-Agents/RTSAgent.yaml --run-id=RTSAgent_v2.5",
        "mlagents_version": "1.1.0",
        "mlagents_envs_version": "1.1.0",
        "communication_protocol_version": "1.5.0",
        "pytorch_version": "2.6.0+cu124",
        "numpy_version": "1.23.5",
        "end_time_seconds": "1741439469"
    },
    "total": 3298.259678581,
    "count": 1,
    "self": 0.0031935810002323706,
    "children": {
        "run_training.setup": {
            "total": 0.013910673999816936,
            "count": 1,
            "self": 0.013910673999816936
        },
        "TrainerController.start_learning": {
            "total": 3298.242574326,
            "count": 1,
            "self": 0.6981790459058175,
            "children": {
                "TrainerController._reset_env": {
                    "total": 18.276809734999915,
                    "count": 1,
                    "self": 18.276809734999915
                },
                "TrainerController.advance": {
                    "total": 3279.174523544096,
                    "count": 84916,
                    "self": 0.705335171043771,
                    "children": {
                        "env_step": {
                            "total": 3190.5903571269137,
                            "count": 84916,
                            "self": 3016.5138133428363,
                            "children": {
                                "SubprocessEnvManager._take_step": {
                                    "total": 173.60956215811348,
                                    "count": 84916,
                                    "self": 2.094169847172452,
                                    "children": {
                                        "TorchPolicy.evaluate": {
                                            "total": 171.51539231094102,
                                            "count": 84766,
                                            "self": 171.51539231094102
                                        }
                                    }
                                },
                                "workers": {
                                    "total": 0.46698162596385373,
                                    "count": 84915,
                                    "self": 0.0,
                                    "children": {
                                        "worker_root": {
                                            "total": 3296.7717496609785,
                                            "count": 84915,
                                            "is_parallel": true,
                                            "self": 313.2481812676597,